{"ALBAY, Philippines": null, "ANGELES CITY, Philippines": null, "AURORA, Philippines": null, "BATAAN, Philippines": [14.6436031, 120.4657622], "BATANES, Philippines": [20.6442465, 121.8939456], "BATANGAS, Philippines": [13.9146826, 121.0867566], "BULACAN, Philippines": [15.0, 121.083333], "CAGAYAN, Philippines": [18.0, 121.833333], "CAMARINES NORTE, Philippines": [14.166667, 122.75], "CAMARINES SUR, Philippines": null, "CATANDUANES, Philippines": [13.833333, 124.25], "BAGUIO CITY, Philippines": null, "CAVITE, Philippines": [14.2554073, 120.8671503], "DAGUPAN CITY, Philippines": [16.04318125, 120.3341894658141], "ILOCOS NORTE, Philippines": [18.166667, 120.75], "ILOCOS SUR, Philippines": [17.2, 120.5], "ISABELA, Philippines": [17.0, 122.0], "LA UNION, Philippines": [16.5735957, 120.4089899], "LAGUNA, Philippines": null, "LUCENA CITY, Philippines": null, "MARINDUQUE, Philippines": null, "MASBATE, Philippines": [12.166667, 123.583333], "NAGA CITY, Philippines": [10.2084724, 123.7590963], "NUEVA ECIJA, Philippines": null, "NUEVA VISCAYA, Philippines": [14.5209214, 121.0537929], "OCCIDENTAL MINDORO, Philippines": [13.0000021, 120.9166666], "OLONGAPO CITY, Philippines": null, "ORIENTAL MINDORO, Philippines": [13.2, 121.2], "PALAWAN, Philippines": null, "PAMPANGA, Philippines": [15.0519635, 120.6445398], "PANGASINAN, Philippines": [15.916667, 120.333333], "PUERTO PRINCESA CITY, Philippines": [9.7808779, 118.73019101810532], "QUEZON, Philippines": [14.6510546, 121.0486254], "QUIRINO, Philippines": [16.283333, 121.583333], "RIZAL, Philippines": [14.65, 121.25], "ROMBLON, Philippines": [12.5886411, 122.1933517], "SANTIAGO CITY, Philippines": [16.6915963, 121.5478637], "SORSOGON, Philippines": [12.833333, 123.916667], "TARLAC, Philippines": [15.4937252, 120.4964091], "ZAMBALES, Philippines": [15.23, 120.12], "AKLAN, Philippines": [11.6297894, 122.2481177], "ANTIQUE, Philippines": [11.1705066, 122.083333], "BACOLOD CITY, Philippines": [10.67221445, 122.94435942609356], "CAPIZ, Philippines": [11.3852987, 122.6377315], "GUIMARAS, Philippines": [10.5730629, 122.6238907], "ILOILO, Philippines": [10.9522168, 122.5799456], "ILOILO CITY, Philippines": [10.6926985, 122.5736783], "NEGROS OCCIDENTAL, Philippines": [10.416667, 123.0], "BOHOL, Philippines": [9.833333, 124.1615579], "CEBU, Philippines": [10.2931062, 123.9020773], "CEBU CITY, Philippines": [10.2931062, 123.9020773], "LAPU-LAPU CITY, Philippines": [10.270553799999998, 124.05970731007221], "MANDAUE CITY, Philippines": [10.3386873, 123.954666], "NEGROS ORIENTAL, Philippines": [9.75, 123.0], "SIQUIJOR, Philippines": [9.18, 123.58], "BILIRAN, Philippines": null, "EASTERN SAMAR, Philippines": [11.73, 125.37], "LEYTE, Philippines": [10.7841157, 124.89232097699272], "NORTHERN SAMAR, Philippines": [12.42, 124.81], "ORMOC CITY, Philippines": [11.05675605, 124.5058474404223], "SAMAR, Philippines": [11.798221850000001, 125.16904177391692], "SOUTHERN LEYTE, Philippines": [10.3475099, 125.1250896], "TACLOBAN, Philippines": [11.2436208, 125.0079543], "ISABELA CITY, Philippines": [6.7052252, 121.9710765], "ZAMBOANGA CITY, Philippines": [6.9046909, 122.076462], "ZAMBOANGA DEL NORTE, Philippines": [8.0, 122.666667], "ZAMBOANGA DEL SUR, Philippines": [7.9043, 123.3194], "ZAMBOANGA SIBUGAY, Philippines": [7.7877097, 122.5744217], "BUKIDNON, Philippines": [8.022778, 124.998611], "CAGAYAN DE ORO CITY, Philippines": null, "CAMIGUIN, Philippines": [9.1739753, 124.7256992], "ILIGAN CITY, Philippines": [14.3284169, 121.0313099], "LANAO DEL NORTE, Philippines": [7.9579723, 123.9021124], "MISAMIS OCCIDENTAL, Philippines": null, "MISAMIS ORIENTAL, Philippines": null, "DAVAO CITY, Philippines": [7.0648306, 125.6080623], "DAVAO DE ORO, Philippines": [7.45, 126.07], "DAVAO DEL NORTE, Philippines": [7.6179228, 125.6832687], "DAVAO DEL SUR, Philippines": null, "DAVAO ORIENTAL, Philippines": null, "ABRA, Philippines": [17.583333, 120.75], "AGUSAN DEL NORTE, Philippines": [8.92, 125.46], "AGUSAN DEL SUR, Philippines": [8.36, 125.71], "APAYAO, Philippines": null, "BASILAN, Philippines": [6.578645, 122.034922], "BASILIG CITY, Philippines": null, "BAYUGAN CITY, Philippines": [8.714521000000001, 125.7482023350545], "BENGUET, Philippines": [16.52, 120.69], "BUTUAN CITY, Philippines": [8.9483324, 125.5369442], "CABADBARAN CITY, Philippines": null, "CALOOCAN CITY, Philippines": [14.651348, 120.9724002], "COTABATO CITY, Philippines": [7.2237628, 124.2467062], "DINAGAT ISLANDS, Philippines": [10.1577932, 125.5851827], "GENERAL SANTOS CITY, Philippines": null, "IFUGAO, Philippines": [16.87, 121.22], "KALINGA, Philippines": [17.46, 121.31], "LANAO DEL SUR, Philippines": [7.8776443, 124.3754759], "LAS PINAS CITY, Philippines": null, "MAGUINDANAO, Philippines": [14.5337159, 121.0955874], "MAKATI CITY, Philippines": [14.5567949, 121.0211226], "MALABON CITY, Philippines": null, "MANDALUYONG CITY, Philippines": [14.5774392, 121.0338973], "MANILA CITY, Philippines": null, "MARIKINA CITY, Philippines": null, "MOUNTAIN PROVINCE, Philippines": [17.0922325, 120.9737242], "MUNTINLUPA CITY, Philippines": [14.3892634, 121.0449101], "NAVOTAS CITY, Philippines": [14.6571862, 120.9479692], "NORTH COTABATO, Philippines": [7.27, 124.86], "TANDAG CITY, Philippines": [9.0799833, 126.1974606], "PARANAQUE CITY, Philippines": [14.4573274, 121.03323686843908], "PASAY CITY, Philippines": [14.5538309, 120.99354847792208], "PASIG CITY, Philippines": [14.5605166, 121.0764343], "PATEROS, Philippines": [14.5447555, 121.067134], "QUEZON CITY, Philippines": [14.6510546, 121.0486254], "SAN JUAN CITY, Philippines": [13.3591856, 123.7286567], "SARANGANI, Philippines": [5.874722, 125.275278], "TAWI-TAWI, Philippines": [5.2057, 120.0265], "SOUTH COTABATO, Philippines": [6.2855239, 124.9333096], "SULTAN KUDARAT, Philippines": [6.5556705, 124.3271496], "SULU, Philippines": [5.9942808, 121.0787926], "SURIGAO CITY, Philippines": [9.7905028, 125.4935697], "SURIGAO DEL NORTE, Philippines": [9.7022868, 125.5464831], "SURIGAO DEL SUR, Philippines": [8.84, 126.15], "TAGUIG CITY, Philippines": [14.49004525, 121.05480785234244], "VALENZUELA CITY, Philippines": [14.6916903, 120.9694534], "DAVAO OCCIDENTAL, Philippines": [6.27, 125.6]}